{
    "Employee":[
        {
    "id":1,
    "name":"amol vidhate",
    "address":"pune",
    "mblno":"9021223130",
    "username":"abc",
    "password":"abc"
        },
        {
            "id":2,
            "name":"amol vidhate",
            "address":"nagar",
            "mblno":"9021223130",
            "username":"xyz",
            "password":"xyz"
                },
                {
                    "id":3,
                    "name":"abc xxyz",
                    "address":"Satara",
                    "mblno":"9021223130",
                    "username":"abcxyz",
                    "password":"abcxyz"
                        }
                ,
                {
                    "id":4,
                    "name":"abc xxyz",
                    "address":"Satara",
                    "mblno":"9021223130",
                    "username":"abcxyz",
                    "password":"abcxyz"
                        }
                
        

    ]
}